[
{
  "model": "services.doctor",
  "pk": 1,
  "fields": {
    "owner": 1,
    "fullname": "Крылов Виктор Михайлович",
    "speciality": "Хирург",
    "education": "Новосибирский государственный медицинский университет (НГМУ)",
    "information": "",
    "avatar": "",
    "experience": 14
  }
},
{
  "model": "services.doctor",
  "pk": 2,
  "fields": {
    "owner": 1,
    "fullname": "Плотников Ибрагим Никитич",
    "speciality": "Терапевт",
    "education": "Уральский государственный медицинский университет (УГМУ)",
    "information": "",
    "avatar": "avatar_placeholder.jpg",
    "experience": 4
  }
},
{
  "model": "services.doctor",
  "pk": 8,
  "fields": {
    "owner": 1,
    "fullname": "Романова Мария Егоровна",
    "speciality": "УЗИ",
    "education": "Медицинский университет медицинских наук",
    "information": "",
    "avatar": "avatar_placeholder.jpg",
    "experience": 11
  }
},
{
  "model": "services.doctor",
  "pk": 9,
  "fields": {
    "owner": 1,
    "fullname": "Богомолова Таисия Николаевна",
    "speciality": "Эндокринолог",
    "education": "Первый Московский государственный медицинский университет имени И.М. Сеченова",
    "information": "",
    "avatar": "avatar_placeholder.jpg",
    "experience": 6
  }
},
{
  "model": "services.doctor",
  "pk": 10,
  "fields": {
    "owner": 1,
    "fullname": "Козлов Тимофей Александрович",
    "speciality": "Уролог",
    "education": "Северный государственный медицинский университет",
    "information": "",
    "avatar": "avatar_placeholder.jpg",
    "experience": 7
  }
},
{
  "model": "services.doctor",
  "pk": 11,
  "fields": {
    "owner": 1,
    "fullname": "Измайлова София Макаровна",
    "speciality": "Терапевт",
    "education": "Уральский государственный медицинский университет (УГМУ)",
    "information": "",
    "avatar": "avatar_placeholder.jpg",
    "experience": 3
  }
},
{
  "model": "services.doctor",
  "pk": 12,
  "fields": {
    "owner": 1,
    "fullname": "Назаров Степан Артёмович",
    "speciality": "Хирург",
    "education": "Новосибирский государственный медицинский университет",
    "information": "",
    "avatar": "avatar_placeholder.jpg",
    "experience": 23
  }
},
{
  "model": "services.doctor",
  "pk": 13,
  "fields": {
    "owner": 1,
    "fullname": "Соколов Савелий Кириллович",
    "speciality": "Невролог",
    "education": "Российский национальный исследовательский медицинский университет имени Н.И. Пирогова",
    "information": "",
    "avatar": "avatar_placeholder.jpg",
    "experience": 13
  }
},
{
  "model": "services.doctor",
  "pk": 14,
  "fields": {
    "owner": 3,
    "fullname": "Лазарева Виктория Петровна",
    "speciality": "УЗИ",
    "education": "Уральский государственный медицинский университет (УГМУ)",
    "information": "",
    "avatar": "avatar_placeholder.jpg",
    "experience": 20
  }
},
{
  "model": "services.doctor",
  "pk": 15,
  "fields": {
    "owner": 1,
    "fullname": "Кондратьев Тимур Михайлович",
    "speciality": "Терапевт",
    "education": "Санкт-Петербургский государственный медицинский университет имени академика И.П. Павлова",
    "information": "",
    "avatar": "avatar_placeholder.jpg",
    "experience": 25
  }
},
{
  "model": "services.doctor",
  "pk": 16,
  "fields": {
    "owner": 1,
    "fullname": "Кузнецов Артём Львович",
    "speciality": "Кардиолог",
    "education": "Первый Московский государственный медицинский университет имени И.М. Сеченова",
    "information": "",
    "avatar": "avatar_placeholder.jpg",
    "experience": 27
  }
},
{
  "model": "services.doctor",
  "pk": 17,
  "fields": {
    "owner": 3,
    "fullname": "Петрова Ева Михайловна",
    "speciality": "Манипуляционная медицинская сестра",
    "education": "Уральский государственный медицинский университет (УГМУ)",
    "information": "",
    "avatar": "avatar_placeholder.jpg",
    "experience": 11
  }
},
{
  "model": "services.doctor",
  "pk": 18,
  "fields": {
    "owner": 1,
    "fullname": "Белова Александра Максимовна",
    "speciality": "Манипуляционная медицинская сестра",
    "education": "Уральский государственный медицинский университет",
    "information": "",
    "avatar": "avatar_placeholder.jpg",
    "experience": 11
  }
},
{
  "model": "services.doctor",
  "pk": 19,
  "fields": {
    "owner": 1,
    "fullname": "Овчинникова Василиса Ивановна",
    "speciality": "Лаборант",
    "education": "Челябинский медицинский колледж",
    "information": "",
    "avatar": "avatar_placeholder.jpg",
    "experience": 1
  }
},
{
  "model": "services.doctor",
  "pk": 20,
  "fields": {
    "owner": 1,
    "fullname": "Родина Амина Никитична",
    "speciality": "Лаборант",
    "education": "Алтайский государственный медицинский университет (АГМУ)",
    "information": "",
    "avatar": "avatar_placeholder.jpg",
    "experience": 2
  }
},
{
  "model": "services.appointment",
  "pk": 1,
  "fields": {
    "owner": 1,
    "title": "Прием хирурга",
    "doctor": 1,
    "date_time": "2024-11-28T12:40:00Z",
    "treatment_room": 1
  }
},
{
  "model": "services.appointment",
  "pk": 4,
  "fields": {
    "owner": 1,
    "title": "Прием терапевта",
    "doctor": 11,
    "date_time": null,
    "treatment_room": 2
  }
},
{
  "model": "services.appointment",
  "pk": 5,
  "fields": {
    "owner": 1,
    "title": "Ультразвуковое исследование",
    "doctor": 8,
    "date_time": null,
    "treatment_room": 3
  }
},
{
  "model": "services.appointment",
  "pk": 6,
  "fields": {
    "owner": 1,
    "title": "Прием эндокринолога",
    "doctor": 9,
    "date_time": null,
    "treatment_room": 5
  }
},
{
  "model": "services.appointment",
  "pk": 7,
  "fields": {
    "owner": 1,
    "title": "Прием кардиолога",
    "doctor": 16,
    "date_time": null,
    "treatment_room": 5
  }
},
{
  "model": "services.usersappointment",
  "pk": 3,
  "fields": {
    "owner": 1,
    "title": "Прием Хирурга",
    "doctor": 1,
    "date_time": "2024-11-28T12:40:00Z",
    "service_id": null
  }
},
{
  "model": "services.usersappointment",
  "pk": 4,
  "fields": {
    "owner": 3,
    "title": "Прием Хирурга",
    "doctor": 1,
    "date_time": "2024-11-28T12:40:00Z",
    "service_id": null
  }
},
{
  "model": "services.usersappointment",
  "pk": 5,
  "fields": {
    "owner": 3,
    "title": "Прием Хирурга",
    "doctor": 1,
    "date_time": "2024-11-28T12:40:00Z",
    "service_id": null
  }
},
{
  "model": "services.usersappointment",
  "pk": 6,
  "fields": {
    "owner": 3,
    "title": "Прием Хирурга",
    "doctor": 1,
    "date_time": "2024-11-28T12:40:00Z",
    "service_id": null
  }
},
{
  "model": "services.usersappointment",
  "pk": 7,
  "fields": {
    "owner": 3,
    "title": "Прием Хирурга",
    "doctor": 1,
    "date_time": "2024-11-28T12:40:00Z",
    "service_id": null
  }
},
{
  "model": "services.usersappointment",
  "pk": 8,
  "fields": {
    "owner": 3,
    "title": "Прием Хирурга",
    "doctor": 1,
    "date_time": "2024-11-28T12:40:00Z",
    "service_id": 5
  }
},
{
  "model": "services.usersappointment",
  "pk": 9,
  "fields": {
    "owner": 3,
    "title": "Прием Хирурга",
    "doctor": 1,
    "date_time": "2024-11-28T12:40:00Z",
    "service_id": 1
  }
},
{
  "model": "services.usersappointment",
  "pk": 11,
  "fields": {
    "owner": 3,
    "title": "Прием Хирурга",
    "doctor": 1,
    "date_time": "2024-11-28T12:40:00Z",
    "service_id": 4
  }
},
{
  "model": "services.service",
  "pk": 7,
  "fields": {
    "owner": null,
    "title": "Осмотр",
    "description": "Диагностика",
    "preparation": "Особой подготовки не требуется.",
    "price": 1000,
    "appointment": 4
  }
},
{
  "model": "services.service",
  "pk": 8,
  "fields": {
    "owner": 1,
    "title": "Осмотр",
    "description": "Осмотр, выслушаем жалобы, дальше в зависимости от результата осмотра.",
    "preparation": "Особой подготовки не требуется.",
    "price": 1200,
    "appointment": 6
  }
},
{
  "model": "services.service",
  "pk": 9,
  "fields": {
    "owner": 1,
    "title": "Осмотр",
    "description": "Осмотр, выслушаем жалобы, дальше в зависимости от результата осмотра, можем отправить на рентген.",
    "preparation": "Особой подготовки не требуется.",
    "price": 1870,
    "appointment": 1
  }
},
{
  "model": "services.service",
  "pk": 10,
  "fields": {
    "owner": 1,
    "title": "Снять швы",
    "description": "Снять швы",
    "preparation": "Особой подготовки не требуется.",
    "price": 810,
    "appointment": 1
  }
},
{
  "model": "services.service",
  "pk": 11,
  "fields": {
    "owner": 1,
    "title": "УЗИ вен ног",
    "description": "УЗИ",
    "preparation": "Особой подготовки не требуется.",
    "price": 2300,
    "appointment": 5
  }
},
{
  "model": "services.service",
  "pk": 12,
  "fields": {
    "owner": 1,
    "title": "УЗИ почек",
    "description": "УЗИ",
    "preparation": "Особой подготовки не требуется.",
    "price": 1650,
    "appointment": 5
  }
},
{
  "model": "services.service",
  "pk": 13,
  "fields": {
    "owner": 1,
    "title": "УЗИ сердца",
    "description": "УЗИ",
    "preparation": "Особой подготовки не требуется.",
    "price": 2900,
    "appointment": 5
  }
},
{
  "model": "services.service",
  "pk": 14,
  "fields": {
    "owner": 1,
    "title": "Осмотр",
    "description": "Осмотр",
    "preparation": "Особой подготовки не требуется.",
    "price": 1300,
    "appointment": 7
  }
},
{
  "model": "services.service",
  "pk": 15,
  "fields": {
    "owner": 1,
    "title": "УЗИ сердца",
    "description": "УЗИ",
    "preparation": "Особой подготовки не требуется.",
    "price": 3100,
    "appointment": 7
  }
},
{
  "model": "services.analysis",
  "pk": 3,
  "fields": {
    "owner": 1,
    "title": "Общий анализ крови (ОАК)",
    "description": "Общий анализ крови (ОАК) — это наиболее простой и доступный метод первичной оценки состояния здоровья. Вместе с общим анализом мочи и биохимическим анализом крови он входит в алгоритмы диагностики большинства заболеваний.\r\n\r\nВ норме состав крови относительно постоянный. Но любые патологические процессы влияют на количество и качество форменных элементов.",
    "preparation": "Взятие крови выполняется с утра, натощак.\r\nОптимальное время — с 8 до 11 часов.\r\nКак минимум за неделю до теста нужно исключить алкоголь и интенсивные физические нагрузки.\r\nЗа 8 часов до анализа можно поужинать лёгкой, нежирной пищей.\r\nЗа 1–2 часа до анализа желательно не курить, избегать стресса и физического напряжения (бег, быстрый подъём по лестнице).\r\nЗа 15 минут до взятия крови полезно немного посидеть в лабораторном отделении, отдышаться, успокоиться.",
    "doctor": 18,
    "date_time": "2024-11-28T12:40:00Z",
    "treatment_room": 1,
    "price": 560
  }
},
{
  "model": "services.analysis",
  "pk": 4,
  "fields": {
    "owner": 1,
    "title": "Биохимический анализ крови",
    "description": "Биохимический анализ крови – это метод лабораторной диагностики, позволяющий оценить работу многих внутренних органов: почек, печени, поджелудочной железы и других. Кроме того, это исследование показывает весь спектр микроэлементов вашего организма, безошибочно определяя, каких ему в данный момент не хватает.",
    "preparation": "Биохимический анализ крови сдают утром и строго натощак. Между последним приемом пищи и взятием крови должно пройти не менее 8 ч.",
    "doctor": 17,
    "date_time": null,
    "treatment_room": 1,
    "price": 720
  }
},
{
  "model": "services.analysis",
  "pk": 5,
  "fields": {
    "owner": null,
    "title": "25­OH витамин D (25­OH Vitamin D, 25(OH) D, 25­Hydroxycalciferol)",
    "description": "Витамин D относится к группе жирорастворимых витаминов. Витамин D и его метаболиты можно разделить на группу холекальциферола (витамина D3) и группу эргокальциферола (витамина D2). Из них витамин D3 образуется, главным образом, в коже под воздействием ультрафиолетовых лучей солнечного света, а источником витамина D2 служит пища. Обозначение D без указания цифровых индексов подразумевает суммарно D2 и D3.",
    "preparation": "Взятие крови предпочтительно проводить утром натощак, после 8-14-часового периода ночного голодания (воду пить можно), допустимо днем через 4 часа после легкого приема пищи.",
    "doctor": 18,
    "date_time": null,
    "treatment_room": 1,
    "price": 1420
  }
},
{
  "model": "services.analysis",
  "pk": 6,
  "fields": {
    "owner": null,
    "title": "Кальций общий (Ca, Calcium total)",
    "description": "99% всего кальция в организме содержится в костях и зубах в виде гидроксиапатитов – соединений кальция с фосфатами. Лишь около 1% кальция находится в крови и других биологических жидкостях организма. Концентрация цитоплазматического кальция составляет менее 1/1000 от содержания его во внеклеточной жидкости.",
    "preparation": "Взятие крови предпочтительно проводить утром натощак, после 8-14-часового периода ночного голодания (воду пить можно), допустимо днем через 4 часа после легкого приема пищи. Накануне исключить чрезмерные физические нагрузки и прием алкоголя.",
    "doctor": 18,
    "date_time": null,
    "treatment_room": 1,
    "price": 415
  }
},
{
  "model": "services.analysis",
  "pk": 7,
  "fields": {
    "owner": 1,
    "title": "Магний в сыворотке (Magnesium, Serum; Мg)",
    "description": "Магний, как и калий, содержится преимущественно внутри клеток. 1/3-1/2 всего магния организма содержится в костной ткани, приблизительно 27% – в мышечной ткани. Около 1% всего количества магния организма находится во внеклеточной жидкости и плазме (из них 60-70% в виде ионов или различных комплексов с низкомолекулярными анионами, остальная часть – в связанной с белками форме). Магний активирует более трехсот ферментов организма (среди них – Na+/K+-АТФаза), поэтому многие процессы жизнедеятельности клеток являются магнийзависимыми (гликолиз, окислительный метаболизм, процессы мембранного транспорта, нервной и мышечной возбудимости, синтез нуклеиновых кислот и др.). Часть эффектов магния связана с его способностью конкурировать с кальцием за участки связывания. Существует также взаимосвязь баланса магния и калия как основных внутриклеточных катионов. Поддержание магниевого гомеостаза осуществляется изменением его всасывания в желудочно-кишечном тракте и выведения в почках. Уровень магния в сыворотке крови может сохраняться в пределах референсных значений даже при значительном уменьшении общего количества магния в организме.",
    "preparation": "Взятие крови предпочтительно проводить утром натощак, после 8-14-часового периода ночного голодания (воду пить можно), допустимо днем через 4 часа после легкого приема пищи. Накануне исключить физические нагрузки и алкоголь, за 5-6 дней прекратить прием препаратов и пищевых добавок, содержащих магний.",
    "doctor": 17,
    "date_time": null,
    "treatment_room": 1,
    "price": 335
  }
},
{
  "model": "services.result",
  "pk": 1,
  "fields": {
    "owner": 1,
    "title": "Результат Теста",
    "analysis": null,
    "appointment": null,
    "message": "Итоги"
  }
},
{
  "model": "services.result",
  "pk": 2,
  "fields": {
    "owner": 1,
    "title": "Результат анализа крови тест тест тест тест тест тест тест тест тест тест тест тест тест тест тест тест тест тест тест тест тест тест тест тест тест тест тест тест тест тест тест",
    "analysis": null,
    "appointment": null,
    "message": "Кров красный - жызн классный. тест тест тест тест тест тест тест тест тест тест тест тест тест тест тест тест тест тест тест тест тест тест тест тест тест тест тест тест тест тест тест тест тест тест тест тест тест тест тест тест тест тест тест тест тест тест тест тест тест тест тест тест тест тест тест тест тест тест тест тест тест тест тест тест тест тест тест тест тест тест тест тест тест тест тест тест тест тест тест тест тест тест тест тест тест тест тест тест тест тест тест тест тест тест тест тест тест тест тест тест тест тест тест тест тест тест тест тест тест тест тест тест тест тест тест тест тест тест тест тест тест тест тест тест тест тест тест тест тест тест тест тест тест тест тест тест тест тест тест тест тест тест тест тест тест тест тест тест тест тест тест тест тест тест"
  }
}
]
